task_number,fitness_mean,fitness_std,fitness,csr_mean,csr_std,csr,runtime_mean,runtime_std,runtime
20,0.9757814578161229,0.13831320933589736,0.975781 +/- 0.138313,0.6966666666666667,0.06749485577105528,0.696667 +/- 0.067495,2.366093600122258,0.1401002417769207,2.366094 +/- 0.140100
40,0.9951817885310416,0.10703792937055205,0.995182 +/- 0.107038,0.6950000000000001,0.04324777879117459,0.695000 +/- 0.043248,4.435259439982474,0.14318872205138894,4.435259 +/- 0.143189
60,1.023875006110306,0.09543216384230152,1.023875 +/- 0.095432,0.6727777777777779,0.0422652477335789,0.672778 +/- 0.042265,6.835100959893316,0.09952328170220073,6.835101 +/- 0.099523
80,1.015664563825233,0.05383028033555286,1.015665 +/- 0.053830,0.6770833333333334,0.02947914621776545,0.677083 +/- 0.029479,9.50728179998696,0.08983989787825594,9.507282 +/- 0.089840
100,1.0192909039806417,0.046312775644026374,1.019291 +/- 0.046313,0.6783333333333335,0.02485761924577454,0.678333 +/- 0.024858,12.536222829995676,0.12049070183303759,12.536223 +/- 0.120491
