comparison,n_pairs,statistic,raw_p_value,median_difference,rank_biserial,better_algorithm,adjusted_p_value,p_value,significant
RDHO vs RIME,30,0.0,1.862645149230957e-09,-0.4509526863043497,-1.0,RDHO,1.4901161193847656e-08,1.4901161193847656e-08,Yes
RDHO vs DBO,30,0.0,1.862645149230957e-09,-0.06005150285844901,-1.0,RDHO,1.4901161193847656e-08,1.4901161193847656e-08,Yes
RDHO vs TLBO-HHO,30,0.0,1.862645149230957e-09,-0.09719109109778035,-1.0,RDHO,1.4901161193847656e-08,1.4901161193847656e-08,Yes
RDHO vs CWTSSA,30,0.0,1.862645149230957e-09,-0.06827213141129063,-1.0,RDHO,1.4901161193847656e-08,1.4901161193847656e-08,Yes
RDHO vs GA,30,0.0,1.862645149230957e-09,-0.06822091170745936,-1.0,RDHO,1.4901161193847656e-08,1.4901161193847656e-08,Yes
RDHO vs PSO,30,0.0,1.862645149230957e-09,-0.4571960749356136,-1.0,RDHO,1.4901161193847656e-08,1.4901161193847656e-08,Yes
RDHO vs DE,30,0.0,1.862645149230957e-09,-0.035300380367717044,-1.0,RDHO,1.4901161193847656e-08,1.4901161193847656e-08,Yes
RDHO vs Greedy-ED,30,0.0,1.862645149230957e-09,-0.08492511107148965,-1.0,RDHO,1.4901161193847656e-08,1.4901161193847656e-08,Yes
