comparison,p_value,significant
RDHO vs RIME,9.313225746154785e-10,Yes
RDHO vs DBO,9.313225746154785e-10,Yes
RDHO vs TLBO-HHO,9.313225746154785e-10,Yes
RDHO vs CWTSSA,9.313225746154785e-10,Yes
